2015-12-03,271,282,270,279,18815000,279
2015-12-02,273,274,267,269,8093000,269
2015-12-01,269,272,267,271,10051000,271
2015-11-30,264,269,262,267,8932000,267
2015-11-27,263,265,262,264,3887000,264
2015-11-26,264,267,263,264,5183000,264
2015-11-25,268,269,262,265,8956000,265
2015-11-24,262,269,261,268,10049000,268
2015-11-20,258,263,256,263,8351000,263
2015-11-19,263,265,251,262,32845000,262
2015-11-18,256,265,255,261,21289000,261
2015-11-17,250,256,248,253,21174000,253
2015-11-16,240,246,239,244,8859000,244
2015-11-13,243,250,243,247,10854000,247
2015-11-12,244,247,240,245,9133000,245
2015-11-11,243,248,243,246,8199000,246
2015-11-10,244,247,242,246,10389000,246
2015-11-09,245,249,242,248,13868000,248
2015-11-06,240,246,239,245,26819000,245
2015-11-05,232,245,229,241,53294000,241
2015-11-04,214,216,206,208,7642000,208
2015-11-02,218,218,211,213,7871000,213
2015-10-30,217,222,216,222,13002000,222
2015-10-29,218,219,216,218,4460000,218
2015-10-28,216,218,214,216,4029000,216
2015-10-27,217,218,213,216,3899000,216
2015-10-26,218,220,217,217,2618000,217
2015-10-23,217,219,216,217,5175000,217
2015-10-22,212,215,212,214,4659000,214
2015-10-21,209,215,208,213,7341000,213
2015-10-20,212,212,206,210,7527000,210
2015-10-19,214,215,209,213,5904000,213
2015-10-16,213,217,213,215,6595000,215
2015-10-15,210,214,209,212,3480000,212
2015-10-14,213,214,210,211,6596000,211
2015-10-13,212,218,211,213,7985000,213
2015-10-09,207,213,207,213,5377000,213
2015-10-08,204,208,204,206,5349000,206
2015-10-07,196,206,196,205,7561000,205
2015-10-06,194,200,194,197,6781000,197
2015-10-05,191,194,191,192,2883000,192
2015-10-02,190,192,187,190,4687000,190
2015-10-01,190,194,189,192,5215000,192
2015-09-30,187,189,185,188,4250000,188
2015-09-29,191,191,184,186,9810000,186
2015-09-28,194,196,192,193,4026000,193
2015-09-25,192,195,188,195,5779000,195
2015-09-24,198,199,191,193,7520000,193
2015-09-18,203,204,198,201,5368000,201
2015-09-17,203,207,203,206,3062000,206
2015-09-16,198,206,197,203,8672000,203
2015-09-15,200,203,197,197,5372000,197
2015-09-14,200,201,196,199,3668000,199
2015-09-11,199,201,197,198,6849000,198
2015-09-10,196,203,195,202,7141000,202
2015-09-09,191,201,191,200,8576000,200
2015-09-08,186,191,186,187,7724000,187
2015-09-07,188,190,185,188,5872000,188
2015-09-04,191,193,188,189,8219000,189
2015-09-03,191,193,190,191,3893000,191
2015-09-02,192,193,189,190,11266000,190
2015-09-01,195,197,194,194,6255000,194
2015-08-31,199,201,194,196,8117000,196
2015-08-28,196,202,195,199,10459000,199
2015-08-27,198,200,191,194,13094000,194
2015-08-26,193,199,191,197,10276000,197
2015-08-25,194,201,188,192,10477000,192
2015-08-24,203,205,197,197,9765000,197
2015-08-21,213,215,205,207,7164000,207
2015-08-20,218,218,215,217,3649000,217
2015-08-19,219,220,217,219,4393000,219
2015-08-18,214,221,212,220,13035000,220
2015-08-17,214,214,210,213,3404000,213
2015-08-14,214,216,210,215,4003000,215
2015-08-13,216,218,213,214,4223000,214
2015-08-12,215,219,213,216,4808000,216
2015-08-11,215,219,215,218,6640000,218
2015-08-10,215,216,211,216,6659000,216
2015-08-07,211,216,211,215,5917000,215
2015-08-06,210,214,210,212,4583000,212
2015-08-05,209,211,206,210,5591000,210
2015-08-04,212,212,206,209,6136000,209
2015-08-03,216,219,211,212,11849000,212
2015-07-31,202,207,201,206,7049000,206
2015-07-30,200,204,199,200,5132000,200
2015-07-29,201,201,196,199,9097000,199
2015-07-28,201,203,200,203,3514000,203
2015-07-27,202,202,200,202,5306000,202
2015-07-24,205,206,202,203,4919000,203
2015-07-23,207,207,205,207,6925000,207
2015-07-22,205,208,204,206,2639000,206
2015-07-21,207,209,204,206,7164000,206
2015-07-17,204,206,203,204,5285000,204
2015-07-16,206,206,201,204,7302000,204
2015-07-15,209,210,204,205,7092000,205
2015-07-14,206,210,206,208,5464000,208
2015-07-13,204,207,204,204,5319000,204
2015-07-10,204,205,201,203,5853000,203
2015-07-09,204,204,199,203,15506000,203
2015-07-08,211,212,206,206,6589000,206
2015-07-07,210,214,207,211,12876000,211
2015-07-06,209,211,207,209,6636000,209
2015-07-03,214,214,209,212,15572000,212
2015-07-02,220,222,218,219,4577000,219
2015-07-01,218,220,218,219,4257000,219
2015-06-30,217,219,215,218,7867000,218
2015-06-29,217,221,215,217,11435000,217
2015-06-26,229,229,220,223,17712000,223
2015-06-25,234,234,230,231,5156000,231
2015-06-24,233,240,232,236,8951000,236
2015-06-23,227,233,227,231,5394000,231
2015-06-22,225,227,222,225,5738000,225
2015-06-19,228,231,224,225,6086000,225
2015-06-18,229,230,225,226,4352000,226
2015-06-17,232,234,230,231,3304000,231
2015-06-16,229,233,229,231,4856000,231
2015-06-15,233,234,229,231,4472000,231
2015-06-12,237,237,233,235,5037000,235
2015-06-11,234,235,233,235,3840000,235
2015-06-10,231,235,231,232,6814000,232
2015-06-09,238,239,233,234,7137000,234
2015-06-08,245,246,239,241,6760000,241
2015-06-05,244,245,241,243,7588000,243
2015-06-04,245,248,244,244,11436000,244
2015-06-03,241,244,240,243,4476000,243
2015-06-02,237,243,237,241,10672000,241
2015-06-01,239,240,236,238,7432000,238
2015-05-29,241,242,234,241,14175000,241
2015-05-28,246,247,240,241,7735000,241
2015-05-27,241,245,241,244,5742000,244
2015-05-26,243,244,241,244,3926000,244
2015-05-25,244,245,242,243,4465000,243
2015-05-22,244,247,241,243,8012000,243
2015-05-21,238,245,236,244,16610000,244
2015-05-20,236,239,235,238,7283000,238
2015-05-19,234,237,232,236,8151000,236
2015-05-18,232,236,232,235,5165000,235
2015-05-15,237,238,232,234,8116000,234
2015-05-14,231,238,230,236,14117000,236
2015-05-13,226,233,226,231,6890000,231
2015-05-12,227,230,224,228,9108000,228
2015-05-11,229,235,229,231,11703000,231
2015-05-08,221,228,220,226,10903000,226
2015-05-07,217,223,217,223,8081000,223
2015-05-01,219,220,215,218,6341000,218
2015-04-30,223,223,220,220,5301000,220
2015-04-28,223,225,221,223,7406000,223
2015-04-27,224,225,221,221,6937000,221
2015-04-24,219,225,219,223,9421000,223
2015-04-23,219,221,218,219,5746000,219
2015-04-22,218,220,216,218,8651000,218
2015-04-21,222,222,215,218,10365000,218
2015-04-20,220,224,218,218,18042000,218
2015-04-17,215,220,214,215,13137000,215
2015-04-16,211,215,210,214,6791000,214
2015-04-15,213,215,210,211,6720000,211
2015-04-14,207,215,207,212,10855000,212
2015-04-13,205,207,202,206,3809000,206
2015-04-10,204,208,203,206,6042000,206
2015-04-09,207,208,203,205,5150000,205
2015-04-08,206,210,205,207,7135000,207
2015-04-07,201,206,200,205,6319000,205
2015-04-06,200,201,199,200,3723000,200
2015-04-03,200,203,200,201,3693000,201
2015-04-02,201,203,200,201,7621000,201
2015-04-01,203,204,199,200,11354000,200
2015-03-31,203,204,200,203,11915000,203
2015-03-30,205,205,199,202,11186000,202
2015-03-27,212,216,203,207,14520000,207
2015-03-26,215,215,210,212,17653000,212
2015-03-25,210,217,209,216,16193000,216
2015-03-24,205,211,204,208,10075000,208
2015-03-23,201,206,200,205,8973000,205
2015-03-20,199,201,198,201,5617000,201
2015-03-19,201,202,198,200,7659000,200
2015-03-18,203,204,200,202,6822000,202
2015-03-17,206,206,202,204,7177000,204
2015-03-16,206,207,203,205,5810000,205
2015-03-13,206,207,205,205,4976000,205
2015-03-12,205,207,204,205,3232000,205
2015-03-11,203,206,203,204,4859000,204
2015-03-10,210,210,204,206,7313000,206
2015-03-09,210,211,209,209,2495000,209
2015-03-06,210,212,210,211,3235000,211
2015-03-05,210,211,209,210,1998000,210
2015-03-04,210,212,207,210,5580000,210
2015-03-03,212,213,209,211,5452000,211
2015-03-02,212,213,211,211,2395000,211
2015-02-27,214,215,210,212,9556000,212
2015-02-26,211,216,211,215,7045000,215
2015-02-25,212,214,210,212,4394000,212
2015-02-24,210,214,210,213,5894000,213
2015-02-23,211,212,210,211,2883000,211
2015-02-20,213,213,209,211,6132000,211
2015-02-19,212,214,210,213,5625000,213
2015-02-18,213,214,211,212,5428000,212
2015-02-17,212,214,211,212,7284000,212
2015-02-16,208,214,207,211,7776000,211
2015-02-13,206,209,206,207,4651000,207
2015-02-12,208,210,206,206,7508000,206
2015-02-10,205,207,204,206,3820000,206
2015-02-09,206,207,204,206,5166000,206
2015-02-06,206,207,202,205,10237000,205
2015-02-05,200,208,200,206,13961000,206
2015-02-04,202,204,201,201,7756000,201
2015-02-03,200,202,198,201,9793000,201
2015-02-02,197,200,196,199,4251000,199
2015-01-30,197,200,195,197,6834000,197
2015-01-29,196,200,195,196,5466000,196
2015-01-28,191,199,191,198,6362000,198
2015-01-27,192,195,191,193,4128000,193
2015-01-26,191,192,190,191,1752000,191
2015-01-23,190,192,189,191,3923000,191
2015-01-22,187,188,186,188,2597000,188
2015-01-21,188,189,185,187,8298000,187
2015-01-20,189,191,188,191,3949000,191
2015-01-19,188,189,187,189,3653000,189
2015-01-16,189,190,186,187,6355000,187
2015-01-15,189,191,188,191,3915000,191
2015-01-14,190,192,188,188,5676000,188
2015-01-13,192,193,189,192,6640000,192
2015-01-09,197,198,194,195,5584000,195
2015-01-08,199,199,196,196,4798000,196
2015-01-07,197,199,196,197,3395000,197
2015-01-06,199,200,196,197,6847000,197
2015-01-05,201,203,199,202,5863000,202
2014-12-30,201,202,200,201,3316000,201
2014-12-29,202,204,199,202,7880000,202
2014-12-26,196,202,196,201,4595000,201
2014-12-25,198,198,195,196,3876000,196
2014-12-24,200,201,197,199,7002000,199
2014-12-22,198,200,197,200,4239000,200
2014-12-19,198,198,196,198,3864000,198
2014-12-18,194,197,194,196,5772000,196
2014-12-17,191,194,190,192,4607000,192
2014-12-16,193,194,190,190,5111000,190
2014-12-15,197,198,193,194,7693000,194
2014-12-12,197,200,197,199,6115000,199
2014-12-11,198,199,196,198,6628000,198
2014-12-10,200,201,199,201,6020000,201
2014-12-09,198,202,198,202,5885000,202
2014-12-08,200,201,198,200,4535000,200
2014-12-05,201,201,199,199,3814000,199
2014-12-04,204,204,200,200,7589000,200
2014-12-03,200,202,197,202,13833000,202
2014-12-02,199,199,197,199,4625000,199
2014-12-01,201,203,198,200,6710000,200
2014-11-28,200,202,199,201,4799000,201
2014-11-27,203,204,198,200,8219000,200
2014-11-26,198,204,197,202,11875000,202
2014-11-25,194,198,193,197,7186000,197
2014-11-21,192,193,190,192,4041000,192
2014-11-20,193,193,191,191,4589000,191
2014-11-19,192,195,191,193,5572000,193
2014-11-18,190,192,189,191,4528000,191
2014-11-17,193,193,187,188,8590000,188
2014-11-14,197,197,192,194,8945000,194
2014-11-13,195,197,194,195,7451000,195
2014-11-12,196,200,194,196,14222000,196
2014-11-11,195,196,192,196,9274000,196
2014-11-10,191,197,189,195,7165000,195
2014-11-07,191,193,190,191,6276000,191
2014-11-06,198,198,189,190,13135000,190
2014-11-05,192,197,191,196,14687000,196
2014-11-04,196,200,191,191,16299000,191
2014-10-31,188,193,186,193,10404000,193
2014-10-30,186,188,184,185,10791000,185
2014-10-29,182,186,180,186,9693000,186
2014-10-28,184,185,177,181,17987000,181
2014-10-27,189,190,186,187,4413000,187
2014-10-24,191,193,188,189,7131000,189
2014-10-23,187,189,186,189,5728000,189
2014-10-22,184,189,183,188,7272000,188
2014-10-21,185,186,180,181,9213000,181
2014-10-20,185,186,184,186,3914000,186
2014-10-17,183,186,180,181,7751000,181
2014-10-16,185,186,182,183,8879000,183
2014-10-15,189,191,188,189,8261000,189
2014-10-14,187,190,186,187,9936000,187
2014-10-10,191,192,189,192,13679000,192
2014-10-09,200,200,195,195,6895000,195
2014-10-08,199,199,196,198,8391000,198
2014-10-07,204,205,200,201,9470000,201
2014-10-06,206,207,204,204,7711000,204
2014-10-03,204,205,200,204,19638000,204
2014-10-02,210,210,206,207,11829000,207
2014-10-01,219,220,213,214,12932000,214
2014-09-30,221,222,218,220,6159000,220
2014-09-29,224,224,221,223,4196000,223
2014-09-26,222,224,220,223,4874000,223
2014-09-25,228,228,224,226,5803000,226
2014-09-24,228,228,226,227,2561000,227
2014-09-22,227,229,226,227,4002000,227
2014-09-19,226,229,226,228,4846000,228
2014-09-18,226,227,225,226,3235000,226
2014-09-17,229,229,223,225,7675000,225
2014-09-16,229,229,225,229,4236000,229
2014-09-12,229,231,228,229,5588000,229
2014-09-11,230,233,229,231,5877000,231
2014-09-10,229,229,226,229,3112000,229
2014-09-09,229,233,229,230,4711000,230
2014-09-08,229,229,226,229,4072000,229
2014-09-05,230,232,227,229,5676000,229
2014-09-04,234,234,228,229,12739000,229
2014-09-03,234,237,231,233,15451000,233
2014-09-02,231,235,226,230,15168000,230
2014-09-01,225,231,225,229,14625000,229
2014-08-29,219,224,218,224,9395000,224
2014-08-28,225,226,217,219,17913000,219
2014-08-27,218,226,217,225,18504000,225
2014-08-26,219,219,215,216,3574000,216
2014-08-25,218,219,215,219,3732000,219
2014-08-22,216,218,214,217,5473000,217
2014-08-21,215,217,212,217,4665000,217
2014-08-20,218,219,215,216,4695000,216
2014-08-19,215,218,214,218,5229000,218
2014-08-18,213,214,212,214,1909000,214
2014-08-15,211,213,211,213,2220000,213
2014-08-14,212,212,210,211,1956000,211
2014-08-13,211,213,210,211,4004000,211
2014-08-12,212,214,211,213,5227000,213
2014-08-11,209,211,208,210,3698000,210
2014-08-08,210,211,205,206,10318000,206
2014-08-07,210,212,208,211,5344000,211
2014-08-06,211,213,209,210,6931000,210
2014-08-05,214,215,212,212,5811000,212
2014-08-04,215,216,212,213,7966000,213
2014-08-01,216,218,215,216,6295000,216
2014-07-31,220,221,219,220,4513000,220
2014-07-30,221,222,218,219,4516000,219
2014-07-29,222,224,221,221,3786000,221
2014-07-28,220,223,220,221,3872000,221
2014-07-25,222,223,220,222,8098000,222
2014-07-24,218,221,217,220,5287000,220
2014-07-23,216,219,216,217,3126000,217
2014-07-22,216,219,215,217,7126000,217
2014-07-18,215,218,212,216,6164000,216
2014-07-17,219,220,216,217,4370000,217
2014-07-16,220,221,217,218,4694000,218
2014-07-15,222,223,219,219,7369000,219
2014-07-14,216,220,215,219,6318000,219
2014-07-11,215,217,213,215,8444000,215
2014-07-10,219,220,215,216,7585000,216
2014-07-09,217,222,217,219,10032000,219
2014-07-08,218,222,215,219,15814000,219
2014-07-07,221,223,218,219,6419000,219
2014-07-04,226,226,222,222,6570000,222
2014-07-03,222,225,221,223,14055000,223
2014-07-02,216,221,216,220,10620000,220
2014-07-01,218,219,212,214,21101000,214
2014-06-30,214,216,213,215,3794000,215
2014-06-27,217,218,212,215,8265000,215
2014-06-26,219,220,217,217,4912000,217
2014-06-25,217,220,217,217,6328000,217
2014-06-24,219,223,217,219,11962000,219
2014-06-23,221,223,219,219,7073000,219
2014-06-20,224,225,218,219,14004000,219
2014-06-19,215,224,214,223,21217000,223
2014-06-18,213,213,210,211,3706000,211
2014-06-17,213,215,211,212,3218000,212
2014-06-16,216,216,213,213,3875000,213
2014-06-13,211,216,211,215,8069000,215
2014-06-12,210,213,209,212,5744000,212
2014-06-11,209,211,209,210,5222000,210
2014-06-10,211,212,209,211,6430000,211
2014-06-09,212,213,211,212,4266000,212
2014-06-06,210,211,209,210,6579000,210
2014-06-05,213,213,208,210,9040000,210
2014-06-04,214,215,210,211,9733000,211
2014-06-03,218,220,217,217,5222000,217
2014-06-02,212,215,211,215,4014000,215
2014-05-30,212,213,209,210,5036000,210
2014-05-29,212,213,209,210,5120000,210
2014-05-28,213,214,212,212,2232000,212
2014-05-27,215,216,211,212,4995000,212
2014-05-26,215,217,214,215,4285000,215
2014-05-23,213,215,212,213,3643000,213
2014-05-22,208,212,207,211,7978000,211
2014-05-21,209,209,205,207,5661000,207
2014-05-20,212,214,211,212,2453000,212
2014-05-19,214,214,209,211,6289000,211
2014-05-16,216,216,212,214,4983000,214
2014-05-15,217,220,216,219,3811000,219
2014-05-14,217,221,216,219,6819000,219
2014-05-13,217,218,214,215,8098000,215
2014-05-12,222,222,210,214,18917000,214
2014-05-09,230,237,230,234,5377000,234
2014-05-08,230,232,229,230,3268000,230
2014-05-07,233,234,228,229,5523000,229
2014-05-02,236,244,236,238,7168000,238
2014-05-01,230,234,229,234,3322000,234
2014-04-30,231,232,228,230,4413000,230
2014-04-28,233,233,230,230,2749000,230
2014-04-25,233,237,232,234,3074000,234
2014-04-24,235,237,232,233,5634000,233
2014-04-23,237,237,233,235,2875000,235
2014-04-22,239,240,234,234,3343000,234
2014-04-21,241,243,236,239,3655000,239
2014-04-18,239,244,238,242,5348000,242
2014-04-17,240,243,236,237,4687000,237
2014-04-16,234,239,233,239,6162000,239
2014-04-15,238,238,231,233,6821000,233
2014-04-14,232,239,230,237,6743000,237
2014-04-11,229,237,227,234,6410000,234
2014-04-10,238,240,234,236,4984000,236
2014-04-09,240,240,233,235,7895000,235
2014-04-08,250,251,241,241,11421000,241
2014-04-07,246,252,245,249,8492000,249
2014-04-04,249,251,246,249,5854000,249
2014-04-03,252,253,248,249,5278000,249
2014-04-02,254,255,251,252,6915000,252
2014-04-01,258,259,250,255,6100000,255
2014-03-31,252,259,251,257,8174000,257
2014-03-28,247,248,243,247,5287000,247
2014-03-27,243,248,242,248,6117000,248
2014-03-26,246,248,243,248,5564000,248
2014-03-25,244,247,241,244,8669000,244
2014-03-24,240,247,240,244,8750000,244
2014-03-20,254,254,241,243,11271000,243
2014-03-19,256,257,250,253,6353000,253
2014-03-18,254,256,249,255,6368000,255
2014-03-17,254,255,246,251,5814000,251
2014-03-14,261,263,253,255,12003000,255
2014-03-13,269,273,268,268,7852000,268
2014-03-12,271,275,267,267,15438000,267
2014-03-11,264,269,262,266,6993000,266
2014-03-10,269,269,264,266,4685000,266
2014-03-07,273,274,266,269,8143000,269
2014-03-06,267,272,266,271,6922000,271
2014-03-05,270,273,268,269,3879000,269
2014-03-04,262,267,261,266,6177000,266
2014-03-03,269,271,262,267,10285000,267
2014-02-28,274,278,273,276,7201000,276
2014-02-27,273,278,270,275,6568000,275
2014-02-26,275,276,272,275,5322000,275
2014-02-25,276,277,272,277,5175000,277
2014-02-24,271,276,267,273,8144000,273
2014-02-21,266,272,266,272,6368000,272
2014-02-20,267,271,262,265,8732000,265
2014-02-19,268,274,268,272,5976000,272
2014-02-18,272,273,266,272,10432000,272
2014-02-17,266,273,260,272,15605000,272
2014-02-14,265,269,257,264,13302000,264
2014-02-13,262,274,261,268,25958000,268
2014-02-12,258,261,255,259,6599000,259
2014-02-10,254,255,250,253,6475000,253
2014-02-07,250,251,247,249,6000000,249
2014-02-06,236,245,236,242,8431000,242
2014-02-05,241,245,232,238,9631000,238
2014-02-04,241,245,236,236,11833000,236
2014-02-03,250,257,249,252,9411000,252
2014-01-31,266,268,253,254,14268000,254
2014-01-30,263,265,258,264,7876000,264
2014-01-29,267,272,267,269,7146000,269
2014-01-28,265,269,261,261,8863000,261
2014-01-27,263,268,262,265,11611000,265
2014-01-24,273,276,267,270,18134000,270
2014-01-23,289,289,275,279,18182000,279
2014-01-22,283,290,283,287,21748000,287
2014-01-21,280,290,279,285,25795000,285
2014-01-20,276,281,271,279,15975000,279
2014-01-17,268,274,266,272,14909000,272
2014-01-16,271,278,269,270,9993000,270
2014-01-15,269,271,265,270,7953000,270
2014-01-14,265,268,260,264,10577000,264
2014-01-10,273,275,267,275,15817000,275
2014-01-09,276,278,270,275,13188000,275
2014-01-08,265,279,263,278,16407000,278
2014-01-07,261,270,256,261,12432000,261
2014-01-06,262,264,259,262,8222000,262
2013-12-30,265,266,259,264,8959000,264
2013-12-27,257,263,248,262,13798000,262
2013-12-26,248,256,247,255,9093000,255
2013-12-25,246,247,245,247,5719000,247
2013-12-24,249,251,245,246,7976000,246
2013-12-20,246,248,244,248,6000000,248
2013-12-19,250,251,246,248,9180000,248
2013-12-18,244,249,244,248,8850000,248
2013-12-17,243,247,242,244,10289000,244
2013-12-16,245,245,237,240,8997000,240
2013-12-13,245,246,242,244,12144000,244
2013-12-12,242,245,240,245,10926000,245
2013-12-11,242,243,240,242,10535000,242
2013-12-10,236,243,235,242,9391000,242
2013-12-09,235,239,234,236,5826000,236
2013-12-06,230,233,229,233,5760000,233
2013-12-05,235,237,230,231,8567000,231
2013-12-04,236,238,233,234,5468000,234
2013-12-03,242,243,238,239,6805000,239
2013-12-02,242,245,241,241,5214000,241
2013-11-29,241,245,239,242,9251000,242
2013-11-28,245,247,239,243,9177000,243
2013-11-27,243,248,242,243,17568000,243
2013-11-26,235,248,233,242,68410000,242
2013-11-25,232,238,232,236,18779000,236
2013-11-22,230,235,228,230,14992000,230
2013-11-21,226,229,225,228,9979000,228
2013-11-20,226,227,225,225,4273000,225
2013-11-19,225,227,224,227,7102000,227
2013-11-18,227,228,224,225,8273000,225
2013-11-15,231,231,222,225,18052000,225
2013-11-14,225,231,225,228,9644000,228
2013-11-13,225,227,222,224,7291000,224
2013-11-12,227,228,224,226,8584000,226
2013-11-11,234,234,222,226,24850000,226
2013-11-08,236,245,235,243,13712000,243
2013-11-07,240,242,236,240,10501000,240
2013-11-06,235,243,233,239,15440000,239
2013-11-05,232,236,230,235,22234000,235
2013-11-01,229,230,211,221,17709000,221
2013-10-31,230,233,226,227,5817000,227
2013-10-30,231,235,229,231,9806000,231
2013-10-29,222,230,221,229,13409000,229
2013-10-28,219,224,218,222,5620000,222
2013-10-25,224,224,216,217,10730000,217
2013-10-24,222,224,220,223,6925000,223
2013-10-23,230,230,222,225,5649000,225
2013-10-22,230,231,226,228,4438000,228
2013-10-21,224,229,224,229,10353000,229
2013-10-18,220,226,219,223,7370000,223
2013-10-17,219,221,217,219,4696000,219
2013-10-16,216,219,215,217,3538000,217
2013-10-15,221,222,213,217,9129000,217
2013-10-11,221,222,218,220,5672000,220
2013-10-10,216,218,214,217,4415000,217
2013-10-09,216,221,212,216,16668000,216
2013-10-08,209,213,208,210,4457000,210
2013-10-07,214,215,208,210,4673000,210
2013-10-04,214,216,211,214,7355000,214
2013-10-03,218,220,215,216,6377000,216
2013-10-02,228,228,215,218,10425000,218
2013-10-01,227,228,223,224,7282000,224
2013-09-30,227,231,225,226,8939000,226
2013-09-27,224,229,224,226,6727000,226
2013-09-26,222,224,218,223,6620000,223
2013-09-25,225,226,221,223,4013000,223
2013-09-24,226,228,225,228,2851000,228
2013-09-20,228,231,225,229,6164000,229
2013-09-19,221,227,220,227,5625000,227
2013-09-18,222,222,218,219,3990000,219
2013-09-17,219,219,216,218,4346000,218
2013-09-13,216,216,212,215,9338000,215
2013-09-12,214,214,211,214,4886000,214
2013-09-11,215,218,214,215,6696000,215
2013-09-10,207,213,207,212,7332000,212
2013-09-09,208,209,204,206,6287000,206
2013-09-06,203,203,200,203,4732000,203
2013-09-05,206,206,201,203,6534000,203
2013-09-04,202,204,200,204,11088000,204
2013-09-03,202,207,202,206,6227000,206
2013-09-02,200,201,198,199,3169000,199
2013-08-30,204,205,198,198,5433000,198
2013-08-29,200,207,200,202,7501000,202
2013-08-28,200,201,197,199,5146000,199
2013-08-27,201,209,201,203,9133000,203
2013-08-26,203,203,198,199,4041000,199
2013-08-23,200,204,199,201,8447000,201
2013-08-22,196,198,194,196,7235000,196
2013-08-21,203,204,197,199,6750000,199
2013-08-20,208,209,202,203,5916000,203
2013-08-19,211,212,208,210,3219000,210
2013-08-16,212,215,210,211,5802000,211
2013-08-15,212,221,212,215,7706000,215
2013-08-14,217,218,212,214,8557000,214
2013-08-13,215,218,211,216,6912000,216
2013-08-12,214,218,212,214,6505000,214
2013-08-09,219,221,216,218,4279000,218
2013-08-08,222,225,218,219,6741000,219
2013-08-07,224,226,222,223,5549000,223
2013-08-06,226,229,223,228,5222000,228
2013-08-05,227,228,225,226,3042000,226
2013-08-02,229,231,225,229,6038000,229
2013-08-01,232,234,219,226,10469000,226
2013-07-31,236,245,234,237,5163000,237
2013-07-30,226,242,226,239,4805000,239
2013-07-29,230,231,226,226,4115000,226
2013-07-26,239,241,233,234,3490000,234
2013-07-25,246,248,242,244,2811000,244
2013-07-24,239,247,239,246,4019000,246
2013-07-23,239,243,239,243,3344000,243
2013-07-22,246,246,238,242,4129000,242
2013-07-19,250,252,238,243,6505000,243
2013-07-18,245,248,243,248,3841000,248
2013-07-17,242,248,242,245,4495000,245
2013-07-16,243,245,240,243,4157000,243
2013-07-12,234,241,234,238,5855000,238
2013-07-11,227,237,227,234,10180000,234
2013-07-10,234,235,222,226,13989000,226
2013-07-09,240,240,233,235,7471000,235
2013-07-08,247,248,236,236,7318000,236
2013-07-05,242,246,241,244,2989000,244
2013-07-04,241,242,238,241,2486000,241
2013-07-03,239,243,237,242,4558000,242
2013-07-02,238,242,235,241,5003000,241
2013-07-01,234,234,228,234,2553000,234
2013-06-28,225,235,223,230,6612000,230
2013-06-27,218,222,211,221,4445000,221
2013-06-26,226,227,216,217,4535000,217
2013-06-25,228,228,218,222,4835000,222
2013-06-24,233,233,228,229,3395000,229
2013-06-21,228,231,221,230,9776000,230
2013-06-20,233,237,230,233,5800000,233
2013-06-19,235,240,234,236,4983000,236
2013-06-18,230,234,227,229,3472000,229
2013-06-17,222,230,220,229,4434000,229
2013-06-14,230,233,223,223,6829000,223
2013-06-13,236,236,223,223,6230000,223
2013-06-12,228,240,226,237,5876000,237
2013-06-11,239,242,232,232,4809000,232
2013-06-10,234,242,231,242,5687000,242
2013-06-07,225,229,217,225,8087000,225
2013-06-06,228,237,228,229,6971000,229
2013-06-05,248,249,231,232,8506000,232
2013-06-04,234,244,229,243,10811000,243
2013-06-03,248,249,240,242,6607000,242
2013-05-31,257,260,249,252,7812000,252
2013-05-30,263,268,251,253,11654000,253
2013-05-29,277,277,267,268,6174000,268
2013-05-28,260,275,259,271,6807000,271
2013-05-27,273,277,266,267,8304000,267
2013-05-24,289,296,271,286,10580000,286
2013-05-23,309,313,281,281,14142000,281
2013-05-22,320,326,306,306,11307000,306
2013-05-21,286,312,286,307,12936000,307
2013-05-20,277,293,277,288,12345000,288
2013-05-17,266,275,263,271,11593000,271
2013-05-16,260,272,259,269,29767000,269
2013-05-15,254,256,248,250,6781000,250
2013-05-14,251,253,249,252,4610000,252
2013-05-13,244,258,243,254,13321000,254
2013-05-10,247,249,238,240,10051000,240
2013-05-09,248,250,243,243,4119000,243
2013-05-08,248,252,244,247,7045000,247
2013-05-07,246,249,245,247,4970000,247
2013-05-02,240,241,234,238,5472000,238
2013-05-01,243,244,239,241,4586000,241
2013-04-30,244,247,242,246,4676000,246
2013-04-26,254,255,241,242,8556000,242
2013-04-25,249,252,244,251,9306000,251
2013-04-24,242,251,240,249,10427000,249
2013-04-23,241,243,236,238,6217000,238
2013-04-22,236,242,232,240,8439000,240
2013-04-19,229,235,228,234,5496000,234
2013-04-18,232,234,228,229,6918000,229
2013-04-17,232,237,232,236,7691000,236
2013-04-16,228,233,226,229,8715000,229
2013-04-15,241,241,233,235,6680000,235
2013-04-12,235,243,232,242,20420000,242
2013-04-11,230,233,224,227,8487000,227
2013-04-10,221,231,221,229,12136000,229
2013-04-09,223,224,218,222,8162000,222
2013-04-08,213,221,213,221,12216000,221
2013-04-05,216,216,206,207,9175000,207
2013-04-04,204,211,199,211,8240000,211
2013-04-03,205,209,204,209,6596000,209
2013-04-02,198,208,194,204,10794000,204
2013-04-01,208,209,200,200,7846000,200
2013-03-29,210,210,206,210,4519000,210
2013-03-28,208,217,206,207,7538000,207
2013-03-27,210,211,206,209,5582000,209
2013-03-26,212,213,207,211,5483000,211
2013-03-25,213,215,210,214,5300000,214
2013-03-22,217,218,210,211,8512000,211
2013-03-21,221,222,218,219,3449000,219
2013-03-19,220,221,219,220,4462000,220
2013-03-18,219,219,215,216,4907000,216
2013-03-15,221,222,218,222,5317000,222
2013-03-14,223,224,217,219,7481000,219
2013-03-13,215,221,215,221,6776000,221
2013-03-12,223,224,216,216,8905000,216
2013-03-11,220,224,218,222,12103000,222
2013-03-08,214,216,212,215,17758000,215
2013-03-07,208,212,206,209,10758000,209
2013-03-06,205,207,204,207,4333000,207
2013-03-05,207,208,203,204,6012000,204
2013-03-04,210,211,205,206,5702000,206
2013-03-01,210,210,205,207,4690000,207
2013-02-28,205,212,203,210,11778000,210
2013-02-27,200,206,199,201,8857000,201
2013-02-26,200,204,199,201,8323000,201
2013-02-25,205,206,203,205,8917000,205
2013-02-22,194,200,190,200,8811000,200
2013-02-21,200,200,195,196,5268000,196
2013-02-20,200,202,199,200,5129000,200
2013-02-19,197,200,195,198,6483000,198
2013-02-18,198,201,197,198,4499000,198
2013-02-15,197,198,190,195,8810000,195
2013-02-14,200,202,195,199,6801000,199
2013-02-13,205,205,198,200,9663000,200
2013-02-12,213,217,205,206,8831000,206
2013-02-08,211,214,205,207,11875000,207
2013-02-07,220,225,212,214,36154000,214
2013-02-06,190,198,188,195,10708000,195
2013-02-05,187,190,186,186,9367000,186
2013-02-04,190,192,187,190,7747000,190
2013-02-01,186,189,185,188,7576000,188
2013-01-31,184,186,180,185,10524000,185
2013-01-30,181,183,180,183,6790000,183
2013-01-29,181,184,180,180,9424000,180
2013-01-28,182,184,180,181,7928000,181
2013-01-25,182,182,176,179,7745000,179
2013-01-24,175,180,174,179,3789000,179
2013-01-23,179,180,176,177,5937000,177
2013-01-22,182,184,178,180,7425000,180
2013-01-21,187,187,181,182,7306000,182
2013-01-18,186,187,183,186,7012000,186
2013-01-17,187,187,179,182,7255000,182
2013-01-16,191,191,183,185,6753000,185
2013-01-15,196,196,189,193,7917000,193
2013-01-11,197,199,193,195,5851000,195
2013-01-10,194,196,193,194,5692000,194
2013-01-09,187,193,186,192,6647000,192
2013-01-08,196,197,189,191,7128000,191
2013-01-07,201,202,193,195,5761000,195
2013-01-04,202,202,197,198,5862000,198
2012-12-28,197,201,191,192,7391000,192
2012-12-27,180,193,180,192,11761000,192
2012-12-26,177,180,175,178,7302000,178
2012-12-25,176,178,174,175,3230000,175
2012-12-21,178,179,171,174,5418000,174
2012-12-20,176,179,174,175,6291000,175
2012-12-19,175,180,174,179,6574000,179
2012-12-18,171,174,170,172,5643000,172
2012-12-17,173,173,169,171,4517000,171
2012-12-14,168,171,167,170,6689000,170
2012-12-13,166,172,166,170,7518000,170
2012-12-12,164,165,161,164,2676000,164
2012-12-11,163,164,161,161,2097000,161
2012-12-10,164,165,162,162,3174000,162
2012-12-07,160,162,159,161,2845000,161
2012-12-06,161,162,160,161,4714000,161
2012-12-05,158,162,157,160,4152000,160
2012-12-04,159,162,158,161,3990000,161
2012-12-03,160,163,159,161,4581000,161
2012-11-30,161,161,156,157,5859000,157
2012-11-29,157,161,156,160,3449000,160
2012-11-28,160,161,155,156,3147000,156
2012-11-27,163,166,162,162,4273000,162
2012-11-26,165,169,165,165,5426000,165
2012-11-22,159,163,157,163,5968000,163
2012-11-21,158,158,154,156,3921000,156
2012-11-20,159,159,156,157,2837000,157
2012-11-19,159,161,157,159,3949000,159
2012-11-16,152,157,151,156,9718000,156
2012-11-15,147,151,146,150,10576000,150
2012-11-14,147,148,145,147,2072000,147
2012-11-13,144,148,142,147,4255000,147
2012-11-12,144,145,143,143,2378000,143
2012-11-09,142,145,141,144,4422000,144
2012-11-08,145,146,144,145,3993000,145
2012-11-07,147,148,145,146,5854000,146
2012-11-06,145,146,145,146,3951000,146
2012-11-05,150,151,146,147,10280000,147
2012-11-02,163,164,150,151,12135000,151
2012-11-01,158,159,155,158,5347000,158
2012-10-31,161,162,158,159,6352000,159
2012-10-30,163,165,158,160,7008000,160
2012-10-29,161,164,160,163,2730000,163
2012-10-26,165,166,160,161,4068000,161
2012-10-25,164,166,163,165,5066000,165
2012-10-24,163,166,162,163,4391000,163
2012-10-23,171,173,164,164,8183000,164
2012-10-22,164,170,163,168,4618000,168
2012-10-19,165,169,164,167,7311000,167
2012-10-18,160,167,158,167,8067000,167
2012-10-17,159,161,158,159,4483000,159
2012-10-16,155,160,155,158,7256000,158
2012-10-15,152,153,150,153,5888000,153
2012-10-12,152,153,149,151,6402000,151
2012-10-11,145,150,144,149,5248000,149
2012-10-10,145,148,143,145,8173000,145
2012-10-09,149,150,148,148,4600000,148
2012-10-05,149,151,147,151,4988000,151
2012-10-04,145,148,145,146,4916000,146
2012-10-03,143,147,142,144,3840000,144
2012-10-02,147,147,142,143,3713000,143
2012-10-01,146,147,143,143,3565000,143
2012-09-28,151,151,147,147,5366000,147
2012-09-27,150,152,149,150,5560000,150
2012-09-26,153,154,150,151,3454000,151
2012-09-25,153,157,153,155,4282000,155
2012-09-24,155,157,154,155,4209000,155
2012-09-21,158,159,156,157,5053000,157
2012-09-20,163,165,157,158,5136000,158
2012-09-19,162,166,160,164,5743000,164
2012-09-18,159,164,158,161,5708000,161
2012-09-14,155,160,153,157,8038000,157
2012-09-13,151,153,149,151,3101000,151
2012-09-12,150,152,149,151,4407000,151
2012-09-11,151,152,149,150,2101000,150
2012-09-10,152,154,150,154,3660000,154
2012-09-07,156,157,152,153,5492000,153
2012-09-06,150,151,149,151,2986000,151
2012-09-05,154,155,150,151,4082000,151
2012-09-04,152,160,150,157,6575000,157
2012-09-03,153,155,148,152,5877000,152
2012-08-31,156,157,153,153,3866000,153
2012-08-30,159,164,156,161,8947000,161
2012-08-29,150,155,149,154,4158000,154
2012-08-28,156,156,148,152,5468000,152
2012-08-27,158,159,156,156,3628000,156
2012-08-24,158,159,156,157,4870000,157
2012-08-23,158,163,157,162,3987000,162
2012-08-22,163,163,159,160,2601000,160
2012-08-21,162,164,161,162,2821000,162
2012-08-20,169,170,162,164,5229000,164
2012-08-17,162,170,160,167,5496000,167
2012-08-16,155,160,154,160,3625000,160
2012-08-15,159,160,153,155,3586000,155
2012-08-14,159,160,157,158,3445000,158
2012-08-13,155,158,153,156,3523000,156
2012-08-10,156,157,152,154,4392000,154
2012-08-09,154,158,154,156,5975000,156
2012-08-08,154,159,154,155,6071000,155
2012-08-07,147,153,147,152,3806000,152
2012-08-06,153,153,148,150,3209000,150
2012-08-03,155,156,145,149,5893000,149
2012-08-02,157,163,156,159,3511000,159
2012-08-01,162,162,155,157,3794000,157
2012-07-31,157,165,156,164,4703000,164
2012-07-30,159,162,154,156,3570000,156
2012-07-27,154,157,153,157,3456000,157
2012-07-26,146,153,146,151,4364000,151
2012-07-25,151,151,144,146,4522000,146
2012-07-24,153,155,150,151,4732000,151
2012-07-23,159,160,152,153,4394000,153
2012-07-20,162,165,161,161,3946000,161
2012-07-19,163,166,162,162,5029000,162
2012-07-18,167,168,158,160,5474000,160
2012-07-17,174,174,166,167,2943000,167
2012-07-13,170,174,170,172,3298000,172
2012-07-12,176,176,170,171,3169000,171
2012-07-11,177,178,175,176,2156000,176
2012-07-10,181,184,179,179,2648000,179
2012-07-09,186,187,182,184,2713000,184
2012-07-06,187,189,184,189,4766000,189
2012-07-05,190,191,187,187,5062000,187
2012-07-04,188,189,184,185,2527000,185
2012-07-03,187,191,186,187,2636000,187
2012-07-02,189,190,187,187,2815000,187
2012-06-29,183,188,182,187,4636000,187
2012-06-28,188,189,181,183,4768000,183
2012-06-27,183,188,182,185,3354000,185
2012-06-26,186,188,180,183,3632000,183
2012-06-25,188,189,185,185,2222000,185
2012-06-22,183,190,182,187,3846000,187
2012-06-21,191,192,185,185,6663000,185
2012-06-20,189,190,188,188,5247000,188
2012-06-19,186,190,184,187,3778000,187
2012-06-18,186,190,184,187,9043000,187
2012-06-15,179,180,176,176,3706000,176
2012-06-14,174,178,173,177,4928000,177
2012-06-13,181,182,175,177,5040000,177
2012-06-12,175,180,173,178,3816000,178
2012-06-11,173,181,173,179,6890000,179
2012-06-08,175,175,167,168,7623000,168
2012-06-07,176,177,174,176,4984000,176
2012-06-06,167,173,166,172,6270000,172
2012-06-05,159,167,158,165,6244000,165
2012-06-04,158,160,157,158,4857000,158
2012-06-01,165,167,163,163,3655000,163
2012-05-31,166,169,164,168,10350000,168
2012-05-30,174,175,170,173,3869000,173
2012-05-29,166,176,165,175,5412000,175
2012-05-28,169,170,166,168,3007000,168
2012-05-25,175,175,168,170,4927000,170
2012-05-24,172,174,168,173,5667000,173
2012-05-23,178,178,169,169,5843000,169
2012-05-22,175,177,174,177,3737000,177
2012-05-21,172,174,171,173,3066000,173
2012-05-18,174,175,168,170,6483000,170
2012-05-17,174,182,173,180,7329000,180
2012-05-16,174,181,172,172,8854000,172
2012-05-15,177,178,171,174,7136000,174
2012-05-14,183,185,178,179,8856000,179
2012-05-11,194,195,173,178,15046000,178
2012-05-10,187,197,187,193,5598000,193
2012-05-09,194,195,182,189,9230000,189
2012-05-08,199,200,196,197,3382000,197
2012-05-07,202,204,195,197,9927000,197
2012-05-02,211,212,209,210,1761000,210
2012-05-01,217,218,208,209,7823000,209
2012-04-27,222,224,216,218,6057000,218
2012-04-26,223,223,220,222,3578000,222
2012-04-25,220,224,217,221,5190000,221
2012-04-24,218,221,216,216,5228000,216
2012-04-23,224,228,216,218,6604000,218
2012-04-20,217,225,217,223,7811000,223
2012-04-19,220,221,216,219,5206000,219
2012-04-18,220,224,218,221,8514000,221
2012-04-17,213,217,211,215,7803000,215
2012-04-16,215,222,214,215,8440000,215
2012-04-13,215,221,214,219,13250000,219
2012-04-12,210,213,208,211,11067000,211
2012-04-11,203,206,202,203,6502000,203
2012-04-10,210,214,204,206,10480000,206
2012-04-09,209,212,207,210,7808000,210
2012-04-06,213,217,212,214,6567000,214
2012-04-05,208,220,206,219,10658000,219
2012-04-04,217,218,210,211,6801000,211
2012-04-03,216,219,215,217,5000000,217
2012-04-02,218,221,215,215,10753000,215
2012-03-30,222,223,220,220,3833000,220
2012-03-29,227,228,221,222,7193000,222
2012-03-28,227,232,225,230,7268000,230
2012-03-27,223,227,223,226,5565000,226
2012-03-26,216,223,215,222,8044000,222
2012-03-23,215,218,214,217,6609000,217
2012-03-22,218,222,215,216,8573000,216
2012-03-21,221,223,218,221,5761000,221
2012-03-19,228,229,221,223,8810000,223
2012-03-16,223,228,222,228,11581000,228
2012-03-15,225,227,221,223,10363000,223
2012-03-14,228,230,224,225,9789000,225
2012-03-13,228,231,220,222,18392000,222
2012-03-12,231,233,226,227,10231000,227
2012-03-09,224,232,221,229,16166000,229
2012-03-08,224,225,220,222,11598000,222
2012-03-07,219,224,218,222,8945000,222
2012-03-06,228,229,222,225,8299000,225
2012-03-05,235,237,227,228,7243000,228
2012-03-02,235,237,231,236,7036000,236
2012-03-01,238,241,229,230,10338000,230
2012-02-29,239,243,236,237,9121000,237
2012-02-28,232,237,227,237,14742000,237
2012-02-27,238,246,234,236,30254000,236
2012-02-24,228,239,226,234,24392000,234
2012-02-23,223,229,220,227,19042000,227
2012-02-22,220,228,216,225,18053000,225
2012-02-21,217,224,216,221,29716000,221
2012-02-20,219,220,213,217,16154000,217
2012-02-17,216,219,213,216,11414000,216
2012-02-16,215,222,209,212,29727000,212
2012-02-15,206,219,205,215,24210000,215
2012-02-14,203,206,202,205,3322000,205
2012-02-13,202,206,202,205,6163000,205
2012-02-10,204,206,202,203,5655000,203
2012-02-09,205,206,199,204,8883000,204
2012-02-08,199,208,196,208,13694000,208
2012-02-07,204,214,203,207,7523000,207
2012-02-06,205,206,203,205,3938000,205
2012-02-03,203,205,200,202,3762000,202
2012-02-02,204,208,204,206,6151000,206
2012-02-01,198,203,197,201,4204000,201
2012-01-31,200,206,200,203,7355000,203
2012-01-30,199,202,197,201,7289000,201
2012-01-27,206,207,201,203,7113000,203
2012-01-26,206,212,205,208,12813000,208
2012-01-25,204,208,202,204,14143000,204
2012-01-24,206,209,200,203,21054000,203
2012-01-23,195,207,192,202,24676000,202
2012-01-20,182,197,182,194,29647000,194
2012-01-19,180,181,177,178,7198000,178
2012-01-18,178,180,176,178,8723000,178
2012-01-17,177,178,176,177,3342000,177
2012-01-16,178,179,176,177,3727000,177
2012-01-13,175,180,174,179,6613000,179
2012-01-12,173,176,173,173,3886000,173
2012-01-11,169,173,169,172,3568000,172
2012-01-10,170,171,167,168,5812000,168
2012-01-06,176,177,169,171,7014000,171
2012-01-05,180,181,178,178,1667000,178
2012-01-04,180,182,180,180,2710000,180
2011-12-30,177,177,175,177,2071000,177
2011-12-29,176,177,174,176,3268000,176
2011-12-28,178,181,178,179,3586000,179
2011-12-27,177,178,175,176,2513000,176
2011-12-26,179,180,177,179,3025000,179
2011-12-22,178,178,175,177,2727000,177
2011-12-21,181,182,177,178,3079000,178
2011-12-20,175,179,175,177,3844000,177
2011-12-19,177,179,175,176,3687000,176
2011-12-16,178,179,174,178,4322000,178
2011-12-15,183,183,178,178,5654000,178
2011-12-14,185,188,183,185,4074000,185
2011-12-13,187,188,184,186,3809000,186
2011-12-12,190,191,188,190,3628000,190
2011-12-09,188,190,187,188,11641000,188
2011-12-08,194,197,191,195,8009000,195
2011-12-07,189,194,188,193,5769000,193
2011-12-06,190,194,185,187,7407000,187
2011-12-05,190,196,187,193,11404000,193
2011-12-02,177,188,176,185,10091000,185
2011-12-01,179,180,176,178,8381000,178
2011-11-30,173,174,170,172,6195000,172
2011-11-29,168,174,166,173,9561000,173
2011-11-28,165,169,162,164,8142000,164
2011-11-25,157,163,156,160,9845000,160
2011-11-24,158,160,155,159,6175000,159
2011-11-22,161,163,158,161,6747000,161
2011-11-21,164,166,161,162,7173000,162
2011-11-18,168,169,165,166,4392000,166
2011-11-17,168,173,167,171,4784000,171
2011-11-16,174,175,169,170,6231000,170
2011-11-15,175,177,175,175,3067000,175
2011-11-14,180,181,176,177,5243000,177
2011-11-11,179,179,174,176,5303000,176
2011-11-10,179,180,176,177,6883000,177
2011-11-09,185,186,181,184,4849000,184
2011-11-08,191,192,181,184,10870000,184
2011-11-07,198,198,191,192,14922000,192
2011-11-04,220,220,212,217,3481000,217
2011-11-02,216,219,213,216,4016000,216
2011-11-01,221,222,218,220,2463000,220
2011-10-31,225,229,222,223,3565000,223
2011-10-28,232,233,226,227,4038000,227
2011-10-27,219,227,218,227,5921000,227
2011-10-26,212,227,210,220,8193000,220
2011-10-25,216,217,212,214,4824000,214
2011-10-24,205,211,205,209,3408000,209
2011-10-21,204,207,203,203,1985000,203
2011-10-20,204,207,201,206,3638000,206
2011-10-19,209,213,205,206,4134000,206
2011-10-18,205,207,203,206,4463000,206
2011-10-17,210,212,206,209,5314000,209
2011-10-14,208,213,205,206,5178000,206
2011-10-13,200,211,199,210,9613000,210
2011-10-12,194,196,191,195,5166000,195
2011-10-11,197,199,195,196,4862000,196
2011-10-07,192,197,192,194,5739000,194
2011-10-06,188,194,188,191,7317000,191
2011-10-05,192,192,183,185,9125000,185
2011-10-04,196,197,186,192,21411000,192
2011-10-03,203,204,195,198,21990000,198
2011-09-30,217,219,204,213,15581000,213
2011-09-29,218,226,217,225,4634000,225
2011-09-28,218,223,217,219,3379000,219
2011-09-27,216,220,214,216,5374000,216
2011-09-26,223,223,211,212,4835000,212
2011-09-22,227,228,222,222,6671000,222
2011-09-21,232,234,230,231,2688000,231
2011-09-20,234,234,230,232,4958000,232
2011-09-16,236,241,236,240,7212000,240
2011-09-15,230,235,229,232,7214000,232
2011-09-14,232,236,225,226,6444000,226
2011-09-13,234,236,231,234,6792000,234
2011-09-12,230,234,229,231,5262000,231
2011-09-09,243,245,236,237,10786000,237
2011-09-08,252,253,244,246,6173000,246
2011-09-07,250,251,245,248,7228000,248
2011-09-06,250,252,242,245,8725000,245
2011-09-05,259,260,253,255,8096000,255
2011-09-02,266,270,262,263,6358000,263
2011-09-01,269,273,266,269,6358000,269
2011-08-31,270,271,265,267,6082000,267
2011-08-30,269,272,267,268,5696000,268
2011-08-29,265,269,261,264,8773000,264
2011-08-26,259,266,259,265,5517000,265
2011-08-25,261,267,260,263,11177000,263
2011-08-24,268,270,258,259,6384000,259
2011-08-23,266,267,262,265,5350000,265
2011-08-22,264,270,261,264,6351000,264
2011-08-19,268,271,265,267,6308000,267
2011-08-18,280,282,273,274,5954000,274
2011-08-17,282,285,279,280,4951000,280
2011-08-16,281,287,281,283,4991000,283
2011-08-15,282,282,277,280,4249000,280
2011-08-12,283,284,276,278,7852000,278
2011-08-11,277,282,276,281,10618000,281
2011-08-10,287,292,281,282,9885000,282
2011-08-09,280,284,268,283,15154000,283
2011-08-08,297,297,285,288,10447000,288
2011-08-05,295,303,292,300,13287000,300
2011-08-04,318,325,316,319,4452000,319
2011-08-03,324,325,317,318,7715000,318
2011-08-02,335,337,329,331,4717000,331
2011-08-01,334,340,334,339,4507000,339
2011-07-29,337,338,331,332,3728000,332
2011-07-28,334,341,330,334,7497000,334
2011-07-27,334,339,329,338,7038000,338
2011-07-26,333,336,332,336,3724000,336
2011-07-25,334,338,333,334,4078000,334
2011-07-22,331,334,330,334,3347000,334
2011-07-21,329,332,326,331,3568000,331
2011-07-20,330,334,327,329,5940000,329
2011-07-19,326,329,325,327,2419000,327
2011-07-15,323,332,323,329,3866000,329
2011-07-14,326,328,322,323,3513000,323
2011-07-13,321,327,320,326,3572000,326
2011-07-12,328,330,324,324,4565000,324
2011-07-11,331,333,329,331,3222000,331
2011-07-08,338,341,332,332,5507000,332
2011-07-07,332,336,330,334,4846000,334
2011-07-06,333,333,328,332,6502000,332
2011-07-05,332,335,330,332,5826000,332
2011-07-04,339,339,334,334,3231000,334
2011-07-01,334,339,333,335,4278000,335
2011-06-30,329,335,326,334,6910000,334
2011-06-29,327,328,323,328,4706000,328
2011-06-28,324,328,323,324,3775000,324
2011-06-27,324,327,323,323,4952000,323
2011-06-24,324,329,322,329,4700000,329
2011-06-23,325,330,322,322,6333000,322
2011-06-22,322,326,321,324,6468000,324
2011-06-21,321,327,318,320,13020000,320
2011-06-20,310,317,310,311,6156000,311
2011-06-17,308,312,302,310,7100000,310
2011-06-16,309,313,307,307,6003000,307
2011-06-15,317,318,313,314,3326000,314
2011-06-14,311,321,309,317,10040000,317
2011-06-13,311,313,306,309,8461000,309
2011-06-10,310,316,310,315,21320000,315
2011-06-09,286,304,285,304,16394000,304
2011-06-08,289,292,287,290,2914000,290
2011-06-07,286,289,285,289,2926000,289
2011-06-06,291,293,285,285,5419000,285
2011-06-03,293,295,288,291,4422000,291
2011-06-02,293,295,293,294,4457000,294
2011-06-01,296,300,293,300,4484000,300
2011-05-31,289,297,289,295,6247000,295
2011-05-30,289,292,288,290,3381000,290
2011-05-27,292,294,290,291,2487000,291
2011-05-26,289,294,289,292,5058000,292
2011-05-25,293,294,287,287,4892000,287
2011-05-24,288,295,287,293,4113000,293
2011-05-23,298,298,290,292,6308000,292
2011-05-20,300,306,300,300,2719000,300
2011-05-19,308,309,301,302,2852000,302
2011-05-18,300,308,299,308,4452000,308
2011-05-17,297,303,295,300,5069000,300
2011-05-16,300,305,299,301,4083000,301
2011-05-13,313,313,304,305,8572000,305
2011-05-12,316,323,313,313,5648000,313
2011-05-11,318,329,317,321,7503000,321
2011-05-10,317,320,314,318,3230000,318
2011-05-09,319,320,315,316,3425000,316
2011-05-06,318,321,318,318,2804000,318
2011-05-02,324,326,321,326,3497000,326
2011-04-28,316,321,315,320,4983000,320
2011-04-27,315,319,315,316,3873000,316
2011-04-26,314,316,313,313,3104000,313
2011-04-25,320,323,317,317,2199000,317
2011-04-22,318,320,317,320,2717000,320
2011-04-21,320,322,319,321,3239000,321
2011-04-20,318,320,315,318,3108000,318
2011-04-19,315,318,313,314,5502000,314
2011-04-18,326,331,317,320,11324000,320
2011-04-15,321,327,319,325,7203000,325
2011-04-14,318,323,317,320,7243000,320
2011-04-13,316,322,315,321,7826000,321
2011-04-12,321,322,317,319,5191000,319
2011-04-11,325,328,324,326,3595000,326
2011-04-08,319,332,315,331,11428000,331
2011-04-07,320,323,316,318,5091000,318
2011-04-06,319,320,314,316,9502000,316
2011-04-05,327,328,318,319,9614000,319
2011-04-04,332,334,327,329,20942000,329
2011-04-01,335,337,322,325,19092000,325
2011-03-31,337,337,328,336,9303000,336
2011-03-30,320,339,320,336,15158000,336
2011-03-29,312,322,307,320,11105000,320
2011-03-28,313,314,306,311,4951000,311
2011-03-25,319,320,309,313,6971000,313
2011-03-24,315,319,311,314,7482000,314
2011-03-23,319,324,313,318,10276000,318
2011-03-22,310,325,305,325,14816000,325
2011-03-18,285,297,285,291,9130000,291
2011-03-17,267,287,265,277,10423000,277
2011-03-16,278,290,270,281,13798000,281
2011-03-15,294,297,241,270,25844000,270
2011-03-14,294,314,291,305,13856000,305
2011-03-11,328,334,325,326,10107000,326
2011-03-10,341,343,330,334,8001000,334
2011-03-09,340,346,339,344,7268000,344
2011-03-08,337,341,334,336,4543000,336
2011-03-07,344,344,338,340,6682000,340
2011-03-04,351,353,344,345,7260000,345
2011-03-03,343,347,342,343,5699000,343
2011-03-02,348,348,338,341,8978000,341
2011-03-01,349,354,348,352,4190000,352
2011-02-28,339,347,334,347,11274000,347
2011-02-25,347,353,345,347,9584000,347
2011-02-24,350,352,346,348,6498000,348
2011-02-23,352,360,352,353,5158000,353
2011-02-22,365,366,359,360,6095000,360
2011-02-21,370,371,368,369,2206000,369
2011-02-18,370,371,368,369,3100000,369
2011-02-17,371,372,367,371,8250000,371
2011-02-16,372,373,368,368,7665000,368
2011-02-15,372,373,370,372,6109000,372
2011-02-14,375,377,368,371,10727000,371
2011-02-10,374,378,368,370,12875000,370
2011-02-09,395,395,377,381,15107000,381
2011-02-08,399,403,396,397,6559000,397
2011-02-07,398,402,393,394,8963000,394
2011-02-04,387,393,387,390,6422000,390
2011-02-03,378,385,378,385,4619000,385
2011-02-02,379,383,378,382,5196000,382
2011-02-01,366,374,365,372,5960000,372
2011-01-31,363,366,361,365,4529000,365
2011-01-28,376,381,367,369,5249000,369
2011-01-27,375,380,374,377,6822000,377
2011-01-26,369,373,368,372,4313000,372
2011-01-25,367,377,363,373,7312000,373
2011-01-24,376,376,368,372,4485000,372
2011-01-21,385,388,373,374,11666000,374
2011-01-20,379,383,376,380,7612000,380
2011-01-19,374,382,374,381,7270000,381
2011-01-18,371,377,371,372,2987000,372
2011-01-17,374,376,372,374,3253000,374
2011-01-14,374,377,372,372,3715000,372
2011-01-13,381,382,375,378,3773000,378
2011-01-12,382,382,377,378,4183000,378
2011-01-11,377,382,375,381,3529000,381
2011-01-07,381,383,374,379,6921000,379
2011-01-06,370,382,370,380,8627000,380
2011-01-05,372,372,366,368,5295000,368
2011-01-04,371,373,366,371,3842000,371
2010-12-30,367,370,363,365,4395000,365
2010-12-29,368,373,366,372,2806000,372
2010-12-28,365,373,364,368,5464000,368
2010-12-27,362,367,361,365,3556000,365
2010-12-24,368,368,363,364,3519000,364
2010-12-22,374,377,368,369,5754000,369
2010-12-21,369,374,368,373,3582000,373
2010-12-20,371,374,365,367,4980000,367
2010-12-17,371,372,369,371,4783000,371
2010-12-16,369,375,368,371,6875000,371
2010-12-15,372,373,364,368,6212000,368
2010-12-14,360,370,359,369,11877000,369
2010-12-13,351,358,347,357,6513000,357
2010-12-10,354,354,348,349,8460000,349
2010-12-09,358,358,351,352,7864000,352
2010-12-08,356,362,355,358,7265000,358
2010-12-07,358,358,351,352,5195000,352
2010-12-06,358,360,354,358,4830000,358
2010-12-03,362,365,357,358,4154000,358
2010-12-02,361,362,357,360,4670000,360
2010-12-01,356,356,351,353,6138000,353
2010-11-30,359,364,355,357,9758000,357
2010-11-29,356,360,354,358,9770000,358
2010-11-26,356,360,351,352,10188000,352
2010-11-25,354,359,350,355,11747000,355
2010-11-24,339,348,337,347,5371000,347
2010-11-22,346,348,343,346,4769000,346
2010-11-19,349,351,340,342,5560000,342
2010-11-18,338,344,337,343,5848000,343
2010-11-17,332,337,332,337,4994000,337
2010-11-16,342,345,336,338,5986000,338
2010-11-15,337,339,333,339,5233000,339
2010-11-12,340,341,334,336,6585000,336
2010-11-11,344,346,340,342,7868000,342
2010-11-10,332,343,331,341,13692000,341
2010-11-09,317,334,317,332,16016000,332
2010-11-08,317,319,315,316,6900000,316
2010-11-05,308,313,307,312,8332000,312
2010-11-04,293,302,292,301,8018000,301
2010-11-02,292,292,286,288,8453000,288
2010-11-01,296,299,292,296,5855000,296
2010-10-29,303,304,295,300,8047000,300
2010-10-28,309,310,305,307,4828000,307
2010-10-27,310,311,307,309,5946000,309
2010-10-26,305,311,305,307,5252000,307
2010-10-25,310,312,304,308,6515000,308
2010-10-22,299,309,299,308,6765000,308
2010-10-21,305,306,297,300,8024000,300
2010-10-20,298,303,296,302,8161000,302
2010-10-19,295,305,295,304,10181000,304
2010-10-18,294,299,294,295,4279000,295
2010-10-15,297,299,294,294,5944000,294
2010-10-14,298,301,295,299,11870000,299
2010-10-13,305,307,295,297,8796000,297
2010-10-12,314,315,303,304,5570000,304
2010-10-08,311,317,311,312,6833000,312
2010-10-07,312,320,312,317,7851000,317
2010-10-06,307,317,306,315,10765000,315
2010-10-05,301,304,297,302,11370000,302
2010-10-04,308,311,302,304,9843000,304
2010-10-01,316,317,307,311,8482000,311
2010-09-30,325,327,312,314,9391000,314
2010-09-29,330,337,328,329,6623000,329
2010-09-28,331,335,330,332,3321000,332
2010-09-27,331,334,328,333,3632000,333
2010-09-24,324,333,324,325,5810000,325
2010-09-22,331,334,329,331,3888000,331
2010-09-21,345,346,330,331,6910000,331
2010-09-17,341,344,337,341,5452000,341
2010-09-16,339,340,335,338,3844000,338
2010-09-15,322,341,319,338,11124000,338
2010-09-14,328,328,320,322,3877000,322
2010-09-13,326,330,324,327,3013000,327
2010-09-10,320,326,319,321,6897000,321
2010-09-09,323,324,319,320,3099000,320
2010-09-08,319,321,317,318,4607000,318
2010-09-07,326,333,325,327,5401000,327
2010-09-06,328,333,327,333,4995000,333
2010-09-03,310,327,310,326,10836000,326
2010-09-02,314,316,309,315,5428000,315
2010-09-01,305,311,303,309,6270000,309
2010-08-31,313,314,303,305,5561000,305
2010-08-30,321,325,318,320,4875000,320
2010-08-27,306,317,306,315,7188000,315
2010-08-26,315,315,307,308,7633000,308
2010-08-25,313,320,310,312,7097000,312
2010-08-24,319,324,315,318,8039000,318
2010-08-23,330,332,326,327,3520000,327
2010-08-20,334,341,330,332,7594000,332
2010-08-19,333,342,333,342,6830000,342
2010-08-18,339,340,330,332,7958000,332
2010-08-17,328,339,327,334,7398000,334
2010-08-16,332,333,324,333,11710000,333
2010-08-13,340,342,335,337,10226000,337
2010-08-12,337,345,336,344,8584000,344
2010-08-11,360,361,346,348,8561000,348
2010-08-10,373,373,360,365,6988000,365
2010-08-09,371,373,368,369,4298000,369
2010-08-06,379,380,372,377,10011000,377
2010-08-05,390,395,388,389,5485000,389
2010-08-04,385,387,381,383,4196000,383
2010-08-03,389,394,387,389,3520000,389
2010-08-02,388,388,380,381,3279000,381
2010-07-30,391,391,378,384,5436000,384
2010-07-29,386,395,386,393,3619000,393
2010-07-28,391,396,389,394,3714000,394
2010-07-27,388,388,383,384,4203000,384
2010-07-26,390,397,389,391,5065000,391
2010-07-23,378,385,376,382,4572000,382
2010-07-22,372,375,367,371,6047000,371
2010-07-21,382,389,376,379,5439000,379
2010-07-20,373,383,372,377,3479000,377
2010-07-16,389,392,378,381,5193000,381
2010-07-15,396,398,392,394,3592000,394
2010-07-14,406,408,399,400,5307000,400
2010-07-13,401,406,395,398,3960000,398
2010-07-12,395,410,395,398,6094000,398
2010-07-09,399,399,391,395,4451000,395
2010-07-08,395,398,393,396,4831000,396
2010-07-07,391,394,377,382,6872000,382
2010-07-06,376,392,373,390,5631000,390
2010-07-05,383,388,377,384,4523000,384
2010-07-02,375,385,368,382,7196000,382
2010-07-01,384,385,372,377,6783000,377
2010-06-30,382,393,380,392,6256000,392
2010-06-29,401,408,394,396,4061000,396
2010-06-28,405,407,398,400,3139000,400
2010-06-25,407,408,402,403,5019000,403
2010-06-24,411,416,409,415,4137000,415
2010-06-23,418,420,414,416,3894000,416
2010-06-22,420,430,418,425,7778000,425
2010-06-21,412,424,412,423,5433000,423
2010-06-18,409,410,405,408,3588000,408
2010-06-17,417,417,408,410,5382000,410
2010-06-16,418,419,414,417,5439000,417
2010-06-15,407,413,406,411,3452000,411
2010-06-14,406,416,406,411,6662000,411
2010-06-11,397,404,395,400,11505000,400
2010-06-10,383,391,378,389,7914000,389
2010-06-09,379,384,375,377,9296000,377
2010-06-08,373,386,373,379,5948000,379
2010-06-07,381,386,378,381,6536000,381
2010-06-04,398,403,392,397,6246000,397
2010-06-03,383,398,381,397,12506000,397
2010-06-02,380,385,371,375,11566000,375
2010-06-01,390,394,387,390,4506000,390
2010-05-31,388,396,385,392,6278000,392
2010-05-28,395,398,385,391,7937000,391
2010-05-27,373,389,372,387,11747000,387
2010-05-26,379,380,368,370,13078000,370
2010-05-25,372,373,358,363,9935000,363
2010-05-24,381,382,368,376,9333000,376
2010-05-21,380,386,375,385,11924000,385
2010-05-20,399,401,389,393,9416000,393
2010-05-19,389,408,383,405,11159000,405
2010-05-18,411,413,396,399,8730000,399
2010-05-17,417,423,406,412,10155000,412
2010-05-14,415,427,414,425,7368000,425
2010-05-13,423,428,419,423,7315000,423
2010-05-12,425,428,412,417,11019000,417
2010-05-11,457,459,413,425,17930000,425
2010-05-10,443,453,439,448,6851000,448
2010-05-07,426,444,425,444,8720000,444
2010-05-06,457,459,445,450,8446000,450
2010-04-30,478,479,470,471,2993000,471
2010-04-28,474,479,469,473,5799000,473
2010-04-27,477,485,476,482,6990000,482
2010-04-26,473,480,471,478,6646000,478
2010-04-23,479,482,470,471,14557000,471
2010-04-22,463,466,455,465,4898000,465
2010-04-21,464,468,462,466,4349000,466
2010-04-20,462,465,457,458,4919000,458
2010-04-19,466,466,457,461,8242000,461
2010-04-16,483,484,471,474,7701000,474
2010-04-15,477,483,476,478,6744000,478
2010-04-14,476,479,471,476,6225000,476
2010-04-13,480,482,469,473,7717000,473
2010-04-12,486,492,483,483,6437000,483
2010-04-09,478,487,477,486,12019000,486
2010-04-08,482,489,469,472,12522000,472
2010-04-07,485,494,482,490,6165000,490
2010-04-06,494,495,475,483,10076000,483
2010-04-05,504,507,495,497,9605000,497
2010-04-02,497,500,488,495,8661000,495
2010-04-01,484,495,483,492,6215000,492
2010-03-31,498,498,484,486,6430000,486
2010-03-30,491,495,485,494,6850000,494
2010-03-29,487,493,483,491,4065000,491
2010-03-26,490,492,486,489,5336000,489
2010-03-25,497,498,483,485,10585000,485
2010-03-24,489,499,488,498,10913000,498
2010-03-23,483,488,479,481,4159000,481
2010-03-19,490,492,481,486,5826000,486
2010-03-18,492,494,482,483,8091000,483
2010-03-17,485,493,484,491,13319000,491
2010-03-16,468,487,465,480,16370000,480
2010-03-15,475,480,467,468,16610000,468
2010-03-12,465,466,456,459,6597000,459
2010-03-11,456,464,454,458,5550000,458
2010-03-10,458,458,452,454,2938000,454
2010-03-09,457,460,452,458,4233000,458
2010-03-08,457,464,453,460,8001000,460
2010-03-05,444,451,444,449,5525000,449
2010-03-04,438,452,434,441,8221000,441
2010-03-03,435,437,431,434,4713000,434
2010-03-02,432,438,431,435,6770000,435
2010-03-01,427,434,423,428,6670000,428
2010-02-26,437,438,429,430,5890000,430
2010-02-25,449,453,430,435,11260000,435
2010-02-24,438,444,434,442,8003000,442
2010-02-23,445,452,442,449,5417000,449
2010-02-22,454,460,449,449,5888000,449
2010-02-19,445,461,441,448,12710000,448
2010-02-18,444,449,438,441,9569000,441
2010-02-17,427,435,424,433,8623000,433
2010-02-16,426,428,421,422,3739000,422
2010-02-15,425,431,420,421,4338000,421
2010-02-12,424,426,416,425,7333000,425
2010-02-10,429,439,419,421,12910000,421
2010-02-09,418,439,417,429,27330000,429
2010-02-08,427,429,405,410,13787000,410
2010-02-05,413,420,411,420,4972000,420
2010-02-04,433,433,422,430,3820000,430
2010-02-03,435,436,428,431,6116000,431
2010-02-02,431,437,428,432,4908000,432
2010-02-01,442,443,418,425,10361000,425
2010-01-29,432,448,432,439,10407000,439
2010-01-28,430,447,428,440,11711000,440
2010-01-27,434,440,420,425,13136000,425
2010-01-26,436,450,428,430,8976000,430
2010-01-25,437,442,434,437,8041000,437
2010-01-22,443,448,435,444,9966000,444
2010-01-21,438,453,432,451,8382000,451
2010-01-20,451,454,438,442,6627000,442
2010-01-19,455,456,442,446,5539000,446
2010-01-18,447,453,444,452,10334000,452
2010-01-15,448,449,435,447,10911000,447
2010-01-14,429,445,428,444,13337000,444
2010-01-13,424,429,417,425,14224000,425
2010-01-12,414,422,412,419,6286000,419
2010-01-08,410,415,408,412,6527000,412
2010-01-07,400,409,398,407,6617000,407
2010-01-06,403,405,396,399,4855000,399
2010-01-05,394,406,393,399,9426000,399
2010-01-04,386,394,383,391,3891000,391
2009-12-30,389,390,382,386,2872000,386
2009-12-29,391,395,387,390,3128000,390
2009-12-28,389,397,388,391,6194000,391
2009-12-25,393,396,386,388,6496000,388
2009-12-24,388,391,382,388,4490000,388
2009-12-22,379,387,379,384,3757000,384
2009-12-21,385,385,374,377,5990000,377
2009-12-18,382,384,371,384,6545000,384
2009-12-17,389,395,384,389,10770000,389
2009-12-16,386,390,377,384,7832000,384
2009-12-15,377,393,376,386,16563000,386
2009-12-14,363,374,357,373,6576000,373
2009-12-11,362,366,354,366,8728000,366
2009-12-10,360,374,358,362,7036000,362
2009-12-09,354,363,353,360,3993000,360
2009-12-08,359,365,356,364,4832000,364
2009-12-07,373,377,365,369,5508000,369
2009-12-04,362,374,355,369,7788000,369
2009-12-03,353,368,347,359,10656000,359
2009-12-02,333,344,330,333,5564000,333
2009-12-01,315,334,314,331,9239000,331
2009-11-30,312,320,312,320,4932000,320
2009-11-27,313,315,306,309,6123000,309
2009-11-26,315,323,315,318,6371000,318
2009-11-25,332,333,319,324,7024000,324
2009-11-24,339,343,330,333,3336000,333
2009-11-20,330,337,330,334,5569000,334
2009-11-19,346,346,331,336,5168000,336
2009-11-18,347,356,339,343,4439000,343
2009-11-17,357,361,345,348,5016000,348
2009-11-16,374,376,355,360,6849000,360
2009-11-13,380,380,369,372,5091000,372
2009-11-12,391,391,379,382,3090000,382
2009-11-11,391,392,384,384,4939000,384
2009-11-10,390,396,386,391,8709000,391
2009-11-09,368,394,366,388,19122000,388
2009-11-06,366,367,358,363,4228000,363
2009-11-05,364,370,357,366,6721000,366
2009-11-04,357,367,354,364,9532000,364
2009-11-02,337,342,336,338,4790000,338
2009-10-30,348,357,347,352,3544000,352
2009-10-29,343,345,337,343,4763000,343
2009-10-28,361,363,352,356,4186000,356
2009-10-27,366,366,359,361,3464000,361
2009-10-26,363,374,362,371,2431000,371
2009-10-23,371,373,367,367,2593000,367
2009-10-22,369,371,364,370,2962000,370
2009-10-21,375,376,368,372,3115000,372
2009-10-20,375,382,374,375,2856000,375
2009-10-19,366,373,363,373,3218000,373
2009-10-16,381,381,371,376,2842000,376
2009-10-15,380,385,377,379,2686000,379
2009-10-14,380,382,369,375,3745000,375
2009-10-13,382,384,376,378,3732000,378
2009-10-09,378,378,371,376,6860000,376
2009-10-08,372,382,363,377,5783000,377
2009-10-07,354,374,353,371,8095000,371
2009-10-06,347,353,347,350,4002000,350
2009-10-05,352,356,345,347,3244000,347
2009-10-02,353,358,342,357,7384000,357
2009-10-01,360,366,359,363,4085000,363
2009-09-30,370,371,362,365,4280000,365
2009-09-29,374,379,369,373,2364000,373
2009-09-28,380,380,365,370,6098000,370
2009-09-25,389,392,385,388,4150000,388
2009-09-24,389,400,385,394,6294000,394
2009-09-18,389,390,382,386,5459000,386
2009-09-17,404,409,395,399,5281000,399
2009-09-16,398,408,393,399,10107000,399
2009-09-15,388,394,385,388,5394000,388
2009-09-14,398,399,383,385,6865000,385
2009-09-11,398,414,393,404,14140000,404
2009-09-10,384,403,384,398,7458000,398
2009-09-09,392,392,380,384,4310000,384
2009-09-08,396,396,383,393,4702000,393
2009-09-07,388,399,388,392,5463000,392
2009-09-04,389,391,382,385,5786000,385
2009-09-03,400,403,393,396,4627000,396
2009-09-02,403,407,400,404,5312000,404
2009-09-01,409,419,407,415,4935000,415
2009-08-31,419,425,407,412,4425000,412
2009-08-28,420,421,412,416,5655000,416
2009-08-27,424,427,415,418,6435000,418
2009-08-26,423,431,422,430,4056000,430
2009-08-25,425,426,419,421,5243000,421
2009-08-24,426,430,424,426,4982000,426
2009-08-21,424,429,414,422,5074000,422
2009-08-20,425,432,417,429,4901000,429
2009-08-19,425,432,422,424,4992000,424
2009-08-18,419,426,417,424,6043000,424
2009-08-17,440,441,426,429,4861000,429
2009-08-14,445,448,441,445,5004000,445
2009-08-13,448,450,441,441,4865000,441
2009-08-12,445,452,440,446,6762000,446
2009-08-11,444,452,441,451,7133000,451
2009-08-10,443,447,436,441,7648000,441
2009-08-07,440,440,424,438,7462000,438
2009-08-06,434,444,430,440,7119000,440
2009-08-05,452,452,429,434,11913000,434
2009-08-04,469,474,453,462,13962000,462
2009-08-03,455,462,453,458,3890000,458
2009-07-31,463,464,452,457,5967000,457
2009-07-30,458,462,447,458,6641000,458
2009-07-29,445,459,443,452,12270000,452
2009-07-28,452,453,443,450,10769000,450
2009-07-27,460,469,455,457,12832000,457
2009-07-24,480,485,461,466,18352000,466
2009-07-23,448,479,447,469,32702000,469
2009-07-22,449,450,435,443,8660000,443
2009-07-21,434,449,431,449,8225000,449
2009-07-17,432,436,420,424,5827000,424
2009-07-16,431,438,424,427,8538000,427
2009-07-15,431,433,416,418,7954000,418
2009-07-14,412,428,412,421,12504000,421
2009-07-13,421,429,396,397,12506000,397
2009-07-10,442,447,422,425,11590000,425
2009-07-09,427,446,426,439,11680000,439
2009-07-08,428,437,418,435,15401000,435
2009-07-07,455,464,441,444,13833000,444
2009-07-06,470,471,452,457,12779000,457
2009-07-03,472,478,468,475,18436000,475
2009-07-02,483,487,464,481,34180000,481
2009-07-01,442,475,440,471,44693000,471
2009-06-30,433,443,425,436,18482000,436
2009-06-29,446,466,413,418,45099000,418
2009-06-26,422,448,415,439,31640000,439
2009-06-25,406,416,401,414,16241000,414
2009-06-24,385,416,385,408,31965000,408
2009-06-23,368,380,361,380,18811000,380
2009-06-22,359,384,357,378,18815000,378
2009-06-19,357,361,345,352,4534000,352
2009-06-18,366,367,351,355,4457000,355
2009-06-17,342,373,342,370,9763000,370
2009-06-16,359,359,346,347,3901000,347
2009-06-15,367,369,365,367,2782000,367
2009-06-12,370,373,365,369,9422000,369
2009-06-11,379,380,368,369,8791000,369
2009-06-10,382,385,376,383,4412000,383
2009-06-09,383,388,374,378,7843000,378
2009-06-08,373,388,370,385,9400000,385
2009-06-05,372,375,362,369,5003000,369
2009-06-04,353,375,353,370,9170000,370
2009-06-03,351,360,350,358,6107000,358
2009-06-02,368,370,360,361,11160000,361
2009-06-01,342,359,340,357,9807000,357
2009-05-29,342,343,335,343,7803000,343
2009-05-28,323,340,321,339,11063000,339
2009-05-27,322,325,321,322,4075000,322
2009-05-26,320,321,314,318,4628000,318
2009-05-25,322,327,316,317,4921000,317
2009-05-22,315,328,313,323,7676000,323
2009-05-21,315,323,315,319,4047000,319
2009-05-20,314,323,312,318,4693000,318
2009-05-19,311,314,309,312,4513000,312
2009-05-18,309,309,300,302,4865000,302
2009-05-15,312,317,310,313,8946000,313
2009-05-14,313,313,305,307,7203000,307
2009-05-13,326,331,321,323,4020000,323
2009-05-12,329,336,324,330,6305000,330
2009-05-11,338,345,329,332,11042000,332
2009-05-08,322,329,319,329,6919000,329
2009-05-07,320,324,315,319,9683000,319
2009-05-01,293,297,286,290,9021000,290
2009-04-30,298,304,291,294,8064000,294
2009-04-28,306,315,293,293,7070000,293
2009-04-27,316,320,310,311,4482000,311
2009-04-24,328,328,314,315,6190000,315
2009-04-23,328,331,321,328,4273000,328
2009-04-22,329,332,324,327,6974000,327
2009-04-21,322,329,320,327,4891000,327
2009-04-20,334,340,328,337,9617000,337
2009-04-17,328,335,324,333,8648000,333
2009-04-16,314,331,314,316,8652000,316
2009-04-15,313,314,307,311,4137000,311
2009-04-14,326,326,313,319,5450000,319
2009-04-13,320,329,314,322,5518000,322
2009-04-10,322,324,313,320,6919000,320
2009-04-09,310,317,309,317,7919000,317
2009-04-08,317,317,303,305,8355000,305
2009-04-07,324,333,323,327,7292000,327
2009-04-06,320,335,320,324,9737000,324
2009-04-03,329,336,315,318,10175000,318
2009-04-02,319,330,315,326,13884000,326
2009-04-01,287,303,284,301,10864000,301
2009-03-31,280,286,275,278,9393000,278
2009-03-30,303,306,283,285,6430000,285
2009-03-27,300,310,298,302,10231000,302
2009-03-26,285,300,283,296,10573000,296
2009-03-25,280,294,276,290,17575000,290
2009-03-24,268,283,263,282,20584000,282
2009-03-23,254,260,253,259,7158000,259
2009-03-19,255,256,248,250,4427000,250
2009-03-18,265,267,245,250,12552000,250
2009-03-17,251,260,248,260,9716000,260
2009-03-16,238,252,236,250,9605000,250
2009-03-13,239,243,234,235,11124000,235
2009-03-12,236,241,231,234,4500000,234
2009-03-11,237,244,236,241,7418000,241
2009-03-10,230,234,226,230,6187000,230
2009-03-09,235,239,227,232,8037000,232
2009-03-06,247,250,235,236,9664000,236
2009-03-05,263,267,256,256,10077000,256
2009-03-04,243,261,243,259,9829000,259
2009-03-03,239,252,238,247,8754000,247
2009-03-02,257,264,245,249,14822000,249
2009-02-27,243,262,242,259,16650000,259
2009-02-26,230,242,228,236,10298000,236
2009-02-25,235,238,222,232,10423000,232
2009-02-24,233,235,223,230,10135000,230
2009-02-23,247,247,234,242,8444000,242
2009-02-20,255,257,247,252,7952000,252
2009-02-19,261,269,251,255,10546000,255
2009-02-18,265,274,260,265,5782000,265
2009-02-17,275,281,270,270,5337000,270
2009-02-16,278,285,273,278,4701000,278
2009-02-13,282,287,278,278,5162000,278
2009-02-12,283,292,273,277,7318000,277
2009-02-10,309,311,282,288,12642000,288
2009-02-09,324,324,307,308,4161000,308
2009-02-06,331,334,311,314,5990000,314
2009-02-05,317,333,315,321,4754000,321
2009-02-04,310,325,307,322,5218000,322
2009-02-03,304,316,303,305,5315000,305
2009-02-02,310,317,303,308,5068000,308
2009-01-30,301,318,301,318,7383000,318
2009-01-29,340,347,324,326,9701000,326
2009-01-28,335,347,329,337,6803000,337
2009-01-27,324,335,321,332,6874000,332
2009-01-26,320,329,314,314,6202000,314
2009-01-23,340,340,322,323,9316000,323
2009-01-22,349,356,338,354,8917000,354
2009-01-21,340,351,334,339,9065000,339
2009-01-20,375,377,350,355,11981000,355
2009-01-19,388,396,379,380,5756000,380
2009-01-16,373,385,370,381,12029000,381
2009-01-15,361,368,356,358,9737000,358
2009-01-14,380,383,370,376,8926000,376
2009-01-13,396,396,379,381,6499000,381
2009-01-09,416,428,404,412,6776000,412
2009-01-08,430,437,413,414,7871000,414
2009-01-07,458,473,434,444,17168000,444
2009-01-06,445,448,430,435,7413000,435
2009-01-05,444,444,431,441,3011000,441
